{"gross_profit_margin": 1.0, "operating_income_margin": 0.9823481117, "net_income_margin": 0.5759441708, "ebitda_margin": 0, "revenue": 2436000000.0, "gross_profit": 2436000000.0, "operating_income": 0, "net_income": 0, "ebitda": 0, "total_assets": 28254000000.0, "total_liabilities": 14899000000.0, "total_shareholders_equity": 0, "cash_and_cash_equivalents": 635000000.0, "total_debt": 0, "net_debt": -635000000.0, "debt_to_assets": 0.0, "cash_to_debt": 10, "operating_cash_flow": 511000000.0, "capital_expenditure": 0, "free_cash_flow": 511000000.0, "growth_revenue": -0.06809487375669472, "growth_gross_profit": 0.4089068825910931, "growth_ebitda": -1.0, "growth_operating_income": 0.2810492505353319, "growth_net_income": 0, "growth_eps": 0, "growth_total_assets": 0.18714285714285714, "growth_total_liabilities": 0.18255417096594967, "growth_total_shareholders_equity": 0.1923042585483439, "growth_total_debt": -1.0, "growth_net_debt": -0.18691588785046728, "current_ratio": 1.0716763005780348, "quick_ratio": 1.0716763005780348, "interest_coverage": 3.631259484066768, "asset_turnover": 0.08621788065406669, "inventory_turnover": 0, "receivables_turnover": 8.342465753424657, "cash_conversion_cycle": 43.75205254515599, "dividend_yield": 0, "estimate_eps_accuracy": 0, "estimate_revenue_accuracy": 0, "estimate_ebitda_accuracy": 0, "estimate_consensus_deviation": 0, "estimate_revision_momentum": 0, "forward_sales_growth": 0, "forward_ebitda_growth": 0, "forward_sales_consensus_deviation": 0, "forward_ebitda_consensus_deviation": 0.17857142991567954, "forward_sales_revision_momentum": 0, "forward_ebitda_revision_momentum": 0.12934932497028104}