{"gross_profit_margin": 1.0, "operating_income_margin": 0.8888820277, "net_income_margin": 0.4681224914, "ebitda_margin": 0.8888820277, "revenue": 178135000.0, "gross_profit": 178135000.0, "operating_income": 0, "net_income": 0, "ebitda": 158341000.0, "total_assets": 1556758000.0, "total_liabilities": 801082000.0, "total_shareholders_equity": 0, "cash_and_cash_equivalents": 32273000.0, "total_debt": 774053000.0, "net_debt": 741780000.0, "debt_to_assets": 0.49722114805255535, "cash_to_debt": 0.041693527445795055, "operating_cash_flow": -188496000.0, "capital_expenditure": -13000.0, "free_cash_flow": -188509000.0, "capex_to_revenue": 7.297835910966402e-05, "growth_revenue": 1.8987193464924415, "growth_gross_profit": 2.0, "growth_ebitda": 1.2087210032222517, "growth_operating_income": 1.296827630223821, "growth_net_income": 0, "growth_eps": 0, "growth_total_assets": 0.2377974117504874, "growth_total_liabilities": 0.20052571949238396, "growth_total_shareholders_equity": 0.27992168127803146, "growth_total_debt": 0.21392657972160015, "growth_net_debt": 0.2040729865159019, "current_ratio": 10.0, "quick_ratio": 223.59074733096085, "interest_coverage": 3.674828258447828, "asset_turnover": 0.11442690514517992, "inventory_turnover": 0, "receivables_turnover": 5.8297879303573765, "cash_conversion_cycle": 62.60948157296433, "dividend_yield": 0, "estimate_eps_accuracy": 0, "estimate_revenue_accuracy": 0, "estimate_ebitda_accuracy": 0, "estimate_consensus_deviation": 0, "estimate_revision_momentum": 0, "forward_sales_growth": 0, "forward_ebitda_growth": -0.11866075747911153, "forward_sales_consensus_deviation": 0, "forward_ebitda_consensus_deviation": 0.12897546141974586, "forward_sales_revision_momentum": 0, "forward_ebitda_revision_momentum": 0.027265293730355966}