{"gross_profit_margin": 1.0, "operating_income_margin": 0.9772002966, "net_income_margin": 0.3830285818, "ebitda_margin": 0, "revenue": 724677000.0, "gross_profit": 724677000.0, "operating_income": 0, "net_income": 0, "ebitda": 596027000.0, "total_assets": 8705978000.0, "total_liabilities": 4691449000.0, "total_shareholders_equity": 0, "cash_and_cash_equivalents": 131164000.0, "total_debt": 0, "net_debt": -131164000.0, "debt_to_assets": 0.0, "cash_to_debt": 10, "operating_cash_flow": 343914000.0, "capital_expenditure": 0, "free_cash_flow": 343914000.0, "growth_revenue": 0.2016067253643735, "growth_gross_profit": 0.2016067253643735, "growth_ebitda": 0.34428030132166537, "growth_operating_income": 0.34428030132166537, "growth_net_income": 0, "growth_eps": 0, "growth_total_assets": 0.5184478096343716, "growth_total_liabilities": 0.4727077587413839, "growth_total_shareholders_equity": 0.5756362745782961, "growth_total_debt": -1.0, "growth_net_debt": -1.0, "current_ratio": 3.664285714285714, "quick_ratio": 3.664285714285714, "interest_coverage": 2.9337956969664156, "asset_turnover": 0.0832390111714043, "inventory_turnover": 0, "receivables_turnover": 9.788170619698525, "cash_conversion_cycle": 37.289909849491565, "dividend_yield": 0, "estimate_eps_accuracy": 0, "estimate_revenue_accuracy": 0, "estimate_ebitda_accuracy": 0, "estimate_consensus_deviation": 0, "estimate_revision_momentum": 0, "forward_sales_growth": 0, "forward_ebitda_growth": 0.0018338397421593317, "forward_sales_consensus_deviation": 0, "forward_ebitda_consensus_deviation": 0.00020156555632452628, "forward_sales_revision_momentum": 0, "forward_ebitda_revision_momentum": 0.04457891443551927}