{"gross_profit_margin": 1.0, "operating_income_margin": 0.9796110576, "net_income_margin": 0.9803355378, "ebitda_margin": 0, "revenue": 96621000.0, "gross_profit": 96621000.0, "operating_income": 0, "net_income": 0, "ebitda": 0, "total_assets": 812468000.0, "total_liabilities": 333727000.0, "total_shareholders_equity": 0, "cash_and_cash_equivalents": 2304000.0, "total_debt": 254010000.0, "net_debt": -2172000.0, "debt_to_assets": 0.31264000551406335, "cash_to_debt": 0.009070509035077359, "operating_cash_flow": 3240000.0, "capital_expenditure": 0, "free_cash_flow": 3240000.0, "growth_revenue": 0.1178587130064558, "growth_gross_profit": 0.4672001700731922, "growth_ebitda": -1.0, "growth_operating_income": 0.4578513669618791, "growth_net_income": 0, "growth_eps": 0, "growth_total_assets": 0.12921509163333325, "growth_total_liabilities": 0.07375733181468647, "growth_total_shareholders_equity": 0.1713894224299294, "growth_total_debt": -0.1558717773184365, "growth_net_debt": -1.0, "current_ratio": 0.956183170618317, "quick_ratio": 0.956183170618317, "interest_coverage": 4.358784250518075, "asset_turnover": 0.11892283757637225, "inventory_turnover": 0, "receivables_turnover": 16.312848218808035, "cash_conversion_cycle": 22.375001293714615, "dividend_yield": 0, "estimate_eps_accuracy": 0, "estimate_revenue_accuracy": 0, "estimate_ebitda_accuracy": 0, "estimate_consensus_deviation": 0, "estimate_revision_momentum": 0, "forward_sales_growth": 0, "forward_ebitda_growth": 0, "forward_sales_consensus_deviation": 0, "forward_ebitda_consensus_deviation": 0.005027902844718358, "forward_sales_revision_momentum": 0, "forward_ebitda_revision_momentum": 0.10804429015738494}