{"gross_profit_margin": 0.698, "operating_income_margin": 0.4464429957, "net_income_margin": 0.3595597294, "ebitda_margin": 0.5426236731, "revenue": 245122000000.0, "gross_profit": 171008000000.0, "operating_income": 0, "net_income": 0, "ebitda": 133009000000.0, "total_assets": 512163000000.0, "total_liabilities": 243686000000.0, "total_shareholders_equity": 0, "cash_and_cash_equivalents": 18315000000.0, "total_debt": 67127000000.0, "net_debt": 48812000000.0, "debt_to_assets": 0.1310656958819751, "cash_to_debt": 0.27284103266941767, "operating_cash_flow": 118548000000.0, "capital_expenditure": -44477000000.0, "free_cash_flow": 74071000000.0, "capex_to_revenue": 0.18144842160230415, "growth_revenue": 0.15669962013071279, "growth_gross_profit": 0.17087064881001288, "growth_ebitda": 0.2650656267833365, "growth_operating_income": 0.236209798583419, "growth_net_income": 0, "growth_eps": 0, "growth_total_assets": 0.2431864963007554, "growth_total_liabilities": 0.1843618319052456, "growth_total_shareholders_equity": 0.3018770942135455, "growth_total_debt": 0.11943633786375385, "growth_net_debt": 0.9323067178654844, "current_ratio": 1.2749549031815206, "quick_ratio": 1.2650096579027186, "interest_coverage": 37.285519591141394, "asset_turnover": 0.47860153896318164, "inventory_turnover": 50.0, "receivables_turnover": 4.3061274682032185, "cash_conversion_cycle": -17.42760992108866, "dividend_yield": 0, "estimate_eps_accuracy": 0, "estimate_revenue_accuracy": 0, "estimate_ebitda_accuracy": 0, "estimate_consensus_deviation": 0, "estimate_revision_momentum": 0, "forward_sales_growth": 0, "forward_ebitda_growth": 0.04942627508664827, "forward_sales_consensus_deviation": 0, "forward_ebitda_consensus_deviation": 0.10923076946867884, "forward_sales_revision_momentum": 0, "forward_ebitda_revision_momentum": 0.1443463041172209}