{"gross_profit_margin": 0.8083535649, "operating_income_margin": 0, "net_income_margin": 0.5587375514, "ebitda_margin": 0.7166922658, "revenue": 2018300000.0, "gross_profit": 1631500000.0, "operating_income": 0, "net_income": 0, "ebitda": 1446500000.0, "total_assets": 5683300000.0, "total_liabilities": 3269200000.0, "total_shareholders_equity": 0, "cash_and_cash_equivalents": 288900000.0, "total_debt": 2144000000.0, "net_debt": 1855100000.0, "debt_to_assets": 0.3772456143437791, "cash_to_debt": 0.13474813432835822, "operating_cash_flow": 933900000.0, "capital_expenditure": -141100000.0, "free_cash_flow": 792800000.0, "capex_to_revenue": 0.06991032056681365, "growth_revenue": 0.03955704352304919, "growth_gross_profit": 0.21917501120908683, "growth_ebitda": 0.1456518295580548, "growth_operating_income": -1.0, "growth_net_income": 0, "growth_eps": 0, "growth_total_assets": 0.18291185347070454, "growth_total_liabilities": 0.375, "growth_total_shareholders_equity": -0.005274218138365817, "growth_total_debt": 0.4535593220338983, "growth_net_debt": 0.5536850921273032, "current_ratio": 2.496584558062513, "quick_ratio": 2.496584558062513, "interest_coverage": 0, "asset_turnover": 0.35512818256998574, "inventory_turnover": 0, "receivables_turnover": 0, "cash_conversion_cycle": -61.5253360910031, "dividend_yield": 0, "estimate_eps_accuracy": 0, "estimate_revenue_accuracy": 0, "estimate_ebitda_accuracy": 0, "estimate_consensus_deviation": 0, "estimate_revision_momentum": 0, "forward_sales_growth": 0, "forward_ebitda_growth": 0.11282523263048738, "forward_sales_consensus_deviation": 0, "forward_ebitda_consensus_deviation": 0.1992393492847484, "forward_sales_revision_momentum": 0, "forward_ebitda_revision_momentum": 0.10932786600606537}