{"gross_profit_margin": 0.8080660171, "operating_income_margin": 0.7455420348, "net_income_margin": 0.5098421464, "ebitda_margin": 0.7455420348, "revenue": 226729000.0, "gross_profit": 183212000.0, "operating_income": 0, "net_income": 0, "ebitda": 169036000.0, "total_assets": 1774241000.0, "total_liabilities": 951259000.0, "total_shareholders_equity": 0, "cash_and_cash_equivalents": 9627000.0, "total_debt": 49395000.0, "net_debt": 39768000.0, "debt_to_assets": 0.027840073586395536, "cash_to_debt": 0.19489826905557242, "operating_cash_flow": -316909000.0, "capital_expenditure": 0, "free_cash_flow": -316909000.0, "growth_revenue": 0.2967799130633722, "growth_gross_profit": 0.2925282369291766, "growth_ebitda": 0.3948130605913078, "growth_operating_income": 0.30286260424534844, "growth_net_income": 0, "growth_eps": 0, "growth_total_assets": 0.35336793335072486, "growth_total_liabilities": 0.3592851335266203, "growth_total_shareholders_equity": 0.3465922943129366, "growth_total_debt": -0.9236421142454335, "growth_net_debt": -0.938068326047651, "current_ratio": 0.3236894837097692, "quick_ratio": 0.3236894837097692, "interest_coverage": 2.728675663459676, "asset_turnover": 0.127789291308227, "inventory_turnover": 0, "receivables_turnover": 13.706262846088745, "cash_conversion_cycle": -237.165940672951, "dividend_yield": 0, "estimate_eps_accuracy": 0, "estimate_revenue_accuracy": 0, "estimate_ebitda_accuracy": 0, "estimate_consensus_deviation": 0, "estimate_revision_momentum": 0, "forward_sales_growth": 0, "forward_ebitda_growth": -0.18334482003833502, "forward_sales_consensus_deviation": 0, "forward_ebitda_consensus_deviation": 0.02637173757306574, "forward_sales_revision_momentum": 0, "forward_ebitda_revision_momentum": -0.026763826217856244}